Date,Region,Category,Segment,Sales
2026-01-01,North,Electronics,Consumer,112.34888300528398
2026-01-01,North,Electronics,Corporate,111.71763752402218
2026-01-01,North,Clothing,Consumer,105.7767215239411
2026-01-01,North,Clothing,Corporate,104.39164889150723
2026-01-01,North,Groceries,Consumer,92.7935490305291
2026-01-01,North,Groceries,Corporate,113.52400871642041
2026-01-01,South,Electronics,Consumer,109.1609073947237
2026-01-01,South,Electronics,Corporate,85.1331868841783
2026-01-01,South,Clothing,Consumer,96.20009207932134
2026-01-01,South,Clothing,Corporate,92.50934190152263
2026-01-01,South,Groceries,Consumer,113.51778403490306
2026-01-01,South,Groceries,Corporate,81.70677581280545
2026-01-01,East,Electronics,Consumer,102.6139306707128
2026-01-01,East,Electronics,Corporate,111.24318675086717
2026-01-01,East,Clothing,Consumer,105.41623453219275
2026-01-01,East,Clothing,Corporate,85.67573301443763
2026-01-01,East,Groceries,Consumer,116.80815513814508
2026-01-01,East,Groceries,Corporate,97.32143403872925
2026-01-01,West,Electronics,Consumer,110.34004020550054
2026-01-01,West,Electronics,Corporate,101.71505034445616
2026-01-01,West,Clothing,Consumer,87.7029520209008
2026-01-01,West,Clothing,Corporate,99.20646104911195
2026-01-01,West,Groceries,Consumer,97.98877597921982
2026-01-01,West,Groceries,Corporate,102.819375951818
2026-01-02,North,Electronics,Consumer,100.21280336114802
2026-01-02,North,Electronics,Corporate,113.06911637401792
2026-01-02,North,Clothing,Consumer,102.61852456488364
2026-01-02,North,Clothing,Corporate,104.12012641250821
2026-01-02,North,Groceries,Consumer,109.082622607411
2026-01-02,North,Groceries,Corporate,82.2318794183218
2026-01-02,South,Electronics,Consumer,78.01826874224489
2026-01-02,South,Electronics,Corporate,123.16089731053322
2026-01-02,South,Clothing,Consumer,107.73301413239447
2026-01-02,South,Clothing,Corporate,99.86147877523396
2026-01-02,South,Groceries,Consumer,93.74065027986717
2026-01-02,South,Groceries,Corporate,109.20756247421596
2026-01-02,East,Electronics,Consumer,84.76805526377312
2026-01-02,East,Electronics,Corporate,92.1468365512054
2026-01-02,East,Clothing,Consumer,99.39520852280837
2026-01-02,East,Clothing,Corporate,99.74956123433729
2026-01-02,East,Groceries,Consumer,102.69030295891248
2026-01-02,East,Groceries,Corporate,87.27500976717182
2026-01-02,West,Electronics,Consumer,109.6576492822388
2026-01-02,West,Electronics,Corporate,114.7037519329763
2026-01-02,West,Clothing,Consumer,101.90377674640273
2026-01-02,West,Clothing,Corporate,94.25396733737955
2026-01-02,West,Groceries,Consumer,113.36739976871466
2026-01-02,West,Groceries,Corporate,106.60293682299076
2026-01-03,North,Electronics,Consumer,115.49401337166807
2026-01-03,North,Electronics,Corporate,111.32596846377021
2026-01-03,North,Clothing,Consumer,102.63410165543031
2026-01-03,North,Clothing,Corporate,98.54604268562352
2026-01-03,North,Groceries,Consumer,103.39005424600914
2026-01-03,North,Groceries,Corporate,93.05765748280206
2026-01-03,South,Electronics,Consumer,104.67323205040965
2026-01-03,South,Electronics,Corporate,96.0205586861697
2026-01-03,South,Clothing,Consumer,102.67840215210114
2026-01-03,South,Clothing,Corporate,82.56016066420878
2026-01-03,South,Groceries,Consumer,88.46967521599124
2026-01-03,South,Groceries,Corporate,117.29457535592563
2026-01-03,East,Electronics,Consumer,95.07466164131682
2026-01-03,East,Electronics,Corporate,94.02190326327919
2026-01-03,East,Clothing,Consumer,104.71562509761291
2026-01-03,East,Clothing,Corporate,100.41776396796917
2026-01-03,East,Groceries,Consumer,97.77323325104038
2026-01-03,East,Groceries,Corporate,109.52732489411727
2026-01-03,West,Electronics,Consumer,107.61570064211091
2026-01-03,West,Electronics,Corporate,88.90128559109688
2026-01-03,West,Clothing,Consumer,112.16342251720788
2026-01-03,West,Clothing,Corporate,95.42884520476085
2026-01-03,West,Groceries,Consumer,106.9970612336977
2026-01-03,West,Groceries,Corporate,119.55337204490131
2026-01-04,North,Electronics,Consumer,91.74583307442623
2026-01-04,North,Electronics,Corporate,107.70020949922011
2026-01-04,North,Clothing,Consumer,101.98972712218732
2026-01-04,North,Clothing,Corporate,102.26278412018038
2026-01-04,North,Groceries,Consumer,96.43777080267483
2026-01-04,North,Groceries,Corporate,101.44106692336223
2026-01-04,South,Electronics,Consumer,93.43694318746401
2026-01-04,South,Electronics,Corporate,103.49339502872553
2026-01-04,South,Clothing,Consumer,114.33929363497555
2026-01-04,South,Clothing,Corporate,106.00847886340578
2026-01-04,South,Groceries,Consumer,93.11198469448254
2026-01-04,South,Groceries,Corporate,94.5779705102547
2026-01-04,East,Electronics,Consumer,105.12224743536026
2026-01-04,East,Electronics,Corporate,78.0109579510378
2026-01-04,East,Clothing,Consumer,94.6978035030097
2026-01-04,East,Clothing,Corporate,92.37053171709266
2026-01-04,East,Groceries,Consumer,114.10241603185813
2026-01-04,East,Groceries,Corporate,73.9094420389573
2026-01-04,West,Electronics,Consumer,87.32268098046752
2026-01-04,West,Electronics,Corporate,103.00288164009095
2026-01-04,West,Clothing,Consumer,114.40832049034746
2026-01-04,West,Clothing,Corporate,100.5213264144715
2026-01-04,West,Groceries,Consumer,94.3860054683502
2026-01-04,West,Groceries,Corporate,93.06298288092229
2026-01-05,North,Electronics,Consumer,98.34193002309794
2026-01-05,North,Electronics,Corporate,97.09882470350902
2026-01-05,North,Clothing,Consumer,117.21807177244638
2026-01-05,North,Clothing,Corporate,102.35043591776466
2026-01-05,North,Groceries,Consumer,103.65241180901833
2026-01-05,North,Groceries,Corporate,105.31277336143899
2026-01-05,South,Electronics,Consumer,98.28575996303344
2026-01-05,South,Electronics,Corporate,117.07747961024198
2026-01-05,South,Clothing,Consumer,98.42536971949654
2026-01-05,South,Clothing,Corporate,104.1988887195585
2026-01-05,South,Groceries,Consumer,97.0713792852171
2026-01-05,South,Groceries,Corporate,86.62603576267443
2026-01-05,East,Electronics,Consumer,94.51541916171452
2026-01-05,East,Electronics,Corporate,109.65474656272193
2026-01-05,East,Clothing,Consumer,101.77863743007889
2026-01-05,East,Clothing,Corporate,97.39599886047826
2026-01-05,East,Groceries,Consumer,105.73230948488191
2026-01-05,East,Groceries,Corporate,101.07458433751705
2026-01-05,West,Electronics,Consumer,92.59580239865551
2026-01-05,West,Electronics,Corporate,113.78131148807418
2026-01-05,West,Clothing,Consumer,104.55209171805227
2026-01-05,West,Clothing,Corporate,105.82043263910538
2026-01-05,West,Groceries,Consumer,94.3181695979999
2026-01-05,West,Groceries,Corporate,98.64618114550169
2026-01-06,North,Electronics,Consumer,84.99552117290874
2026-01-06,North,Electronics,Corporate,106.59518135968224
2026-01-06,North,Clothing,Consumer,99.09392401416306
2026-01-06,North,Clothing,Corporate,100.0214919346031
2026-01-06,North,Groceries,Consumer,94.52007665973589
2026-01-06,North,Groceries,Corporate,89.58492877757551
2026-01-06,South,Electronics,Consumer,96.04779717750542
2026-01-06,South,Electronics,Corporate,99.08140747688256
2026-01-06,South,Clothing,Consumer,106.76801608830375
2026-01-06,South,Clothing,Corporate,108.99337568662934
2026-01-06,South,Groceries,Consumer,97.04382305751467
2026-01-06,South,Groceries,Corporate,94.62343356318559
2026-01-06,East,Electronics,Consumer,111.36564407270608
2026-01-06,East,Electronics,Corporate,98.6688846855394
2026-01-06,East,Clothing,Consumer,89.15835796468961
2026-01-06,East,Clothing,Corporate,105.45458246876241
2026-01-06,East,Groceries,Consumer,108.63086039064254
2026-01-06,East,Groceries,Corporate,95.22375003219871
2026-01-06,West,Electronics,Consumer,116.32588373795949
2026-01-06,West,Electronics,Corporate,111.00670982696465
2026-01-06,West,Clothing,Consumer,100.51253329529358
2026-01-06,West,Clothing,Corporate,79.92187889584422
2026-01-06,West,Groceries,Consumer,97.97468339779594
2026-01-06,West,Groceries,Corporate,108.82780083546497
2026-01-07,North,Electronics,Consumer,100.9732367869808
2026-01-07,North,Electronics,Corporate,107.15020562524865
2026-01-07,North,Clothing,Consumer,98.43259413833498
2026-01-07,North,Clothing,Corporate,107.08535186030193
2026-01-07,North,Groceries,Consumer,102.81028072362206
2026-01-07,North,Groceries,Corporate,101.24356114979355
2026-01-07,South,Electronics,Consumer,112.54329290748413
2026-01-07,South,Electronics,Corporate,117.28513834843228
2026-01-07,South,Clothing,Consumer,106.53780843853184
2026-01-07,South,Clothing,Corporate,91.66945880108892
2026-01-07,South,Groceries,Consumer,98.81834397869525
2026-01-07,South,Groceries,Corporate,100.21934010818883
2026-01-07,East,Electronics,Consumer,102.06626175426928
2026-01-07,East,Electronics,Corporate,105.07309693422849
2026-01-07,East,Clothing,Consumer,113.8014676491114
2026-01-07,East,Clothing,Corporate,111.01912398446387
2026-01-07,East,Groceries,Consumer,91.33407420057472
2026-01-07,East,Groceries,Corporate,96.4549917933163
2026-01-07,West,Electronics,Consumer,92.63388940529434
2026-01-07,West,Electronics,Corporate,98.44415705289514
2026-01-07,West,Clothing,Consumer,91.13367975555403
2026-01-07,West,Clothing,Corporate,92.90437833600195
2026-01-07,West,Groceries,Consumer,112.28019542358803
2026-01-07,West,Groceries,Corporate,96.46879893079411
2026-01-08,North,Electronics,Consumer,113.19356151735778
2026-01-08,North,Electronics,Corporate,84.66921681594341
2026-01-08,North,Clothing,Consumer,110.32962019764842
2026-01-08,North,Clothing,Corporate,97.38298483155603
2026-01-08,North,Groceries,Consumer,112.24646117535687
2026-01-08,North,Groceries,Corporate,111.91467217690482
2026-01-08,South,Electronics,Consumer,107.920958708504
2026-01-08,South,Electronics,Corporate,113.6231198974721
2026-01-08,South,Clothing,Consumer,110.37826271809593
2026-01-08,South,Clothing,Corporate,100.91633430129514
2026-01-08,South,Groceries,Consumer,111.17098390155282
2026-01-08,South,Groceries,Corporate,87.1767156746876
2026-01-08,East,Electronics,Consumer,84.10285442185543
2026-01-08,East,Electronics,Corporate,87.89815704590798
2026-01-08,East,Clothing,Consumer,104.57003411769433
2026-01-08,East,Clothing,Corporate,90.85595921075617
2026-01-08,East,Groceries,Consumer,82.50917266084609
2026-01-08,East,Groceries,Corporate,95.31215602692515
2026-01-08,West,Electronics,Consumer,128.95259294120922
2026-01-08,West,Electronics,Corporate,108.8328873279895
2026-01-08,West,Clothing,Consumer,94.39225997648535
2026-01-08,West,Clothing,Corporate,94.28246921554745
2026-01-08,West,Groceries,Consumer,110.08038220811092
2026-01-08,West,Groceries,Corporate,103.41677360411188
2026-01-09,North,Electronics,Consumer,87.65448571650886
2026-01-09,North,Electronics,Corporate,96.89421649667206
2026-01-09,North,Clothing,Consumer,102.42177069343221
2026-01-09,North,Clothing,Corporate,118.77377106408225
2026-01-09,North,Groceries,Consumer,90.74501081153552
2026-01-09,North,Groceries,Corporate,86.80239449573743
2026-01-09,South,Electronics,Consumer,88.53531223804546
2026-01-09,South,Electronics,Corporate,102.87878932859354
2026-01-09,South,Clothing,Consumer,107.97397695278516
2026-01-09,South,Clothing,Corporate,83.09109866063724
2026-01-09,South,Groceries,Consumer,101.81459780607749
2026-01-09,South,Groceries,Corporate,94.8832249919368
2026-01-09,East,Electronics,Consumer,105.088930105221
2026-01-09,East,Electronics,Corporate,87.51746388525748
2026-01-09,East,Clothing,Consumer,96.10904895020661
2026-01-09,East,Clothing,Corporate,86.87388481846224
2026-01-09,East,Groceries,Consumer,86.2224910760158
2026-01-09,East,Groceries,Corporate,83.53177377612758
2026-01-09,West,Electronics,Consumer,113.41363543692121
2026-01-09,West,Electronics,Corporate,100.92222655685687
2026-01-09,West,Clothing,Consumer,97.14446920757271
2026-01-09,West,Clothing,Corporate,95.58975962367789
2026-01-09,West,Groceries,Consumer,108.2507183916547
2026-01-09,West,Groceries,Corporate,95.87679616832614
2026-01-10,North,Electronics,Consumer,91.02879577593235
2026-01-10,North,Electronics,Corporate,97.7996818192167
2026-01-10,North,Clothing,Consumer,93.83057893388059
2026-01-10,North,Clothing,Corporate,89.38995761649981
2026-01-10,North,Groceries,Consumer,81.0028948867629
2026-01-10,North,Groceries,Corporate,113.98077386702182
2026-01-10,South,Electronics,Consumer,111.86209337789847
2026-01-10,South,Electronics,Corporate,102.47237054575757
2026-01-10,South,Clothing,Consumer,111.17014601696565
2026-01-10,South,Clothing,Corporate,83.11277467593652
2026-01-10,South,Groceries,Consumer,118.17348245498994
2026-01-10,South,Groceries,Corporate,96.2534669247831
2026-01-10,East,Electronics,Consumer,97.95663642506322
2026-01-10,East,Electronics,Corporate,100.8972869901221
2026-01-10,East,Clothing,Consumer,105.80790592455298
2026-01-10,East,Clothing,Corporate,74.29748730463692
2026-01-10,East,Groceries,Consumer,100.78985205500976
2026-01-10,East,Groceries,Corporate,95.34888349198852
2026-01-10,West,Electronics,Consumer,92.50443732747283
2026-01-10,West,Electronics,Corporate,112.5432705208951
2026-01-10,West,Clothing,Consumer,118.32790558976419
2026-01-10,West,Clothing,Corporate,97.45941925711946
2026-01-10,West,Groceries,Consumer,86.38860129755642
2026-01-10,West,Groceries,Corporate,117.10801360561626
2026-01-11,North,Electronics,Consumer,98.2489657453073
2026-01-11,North,Electronics,Corporate,102.07312039574855
2026-01-11,North,Clothing,Consumer,97.50714473923162
2026-01-11,North,Clothing,Corporate,91.44162378468776
2026-01-11,North,Groceries,Consumer,105.74209962291864
2026-01-11,North,Groceries,Corporate,100.1175170970439
2026-01-11,South,Electronics,Consumer,80.24648713658789
2026-01-11,South,Electronics,Corporate,98.47284007622447
2026-01-11,South,Clothing,Consumer,95.7989931147335
2026-01-11,South,Clothing,Corporate,105.50155962025327
2026-01-11,South,Groceries,Consumer,97.1436367834417
2026-01-11,South,Groceries,Corporate,101.98125305824767
2026-01-11,East,Electronics,Consumer,113.19138419966737
2026-01-11,East,Electronics,Corporate,89.5024644266044
2026-01-11,East,Clothing,Consumer,107.55938268922053
2026-01-11,East,Clothing,Corporate,89.03092567873331
2026-01-11,East,Groceries,Consumer,96.0797955569459
2026-01-11,East,Groceries,Corporate,112.95802057958225
2026-01-11,West,Electronics,Consumer,104.39683054564881
2026-01-11,West,Electronics,Corporate,97.2776726663941
2026-01-11,West,Clothing,Consumer,94.57688181130511
2026-01-11,West,Clothing,Corporate,104.70391619673433
2026-01-11,West,Groceries,Consumer,88.61521507918509
2026-01-11,West,Groceries,Corporate,94.24661867390272
2026-01-12,North,Electronics,Consumer,107.13144172695839
2026-01-12,North,Electronics,Corporate,97.49574306064802
2026-01-12,North,Clothing,Consumer,99.47426550798784
2026-01-12,North,Clothing,Corporate,82.80143548905173
2026-01-12,North,Groceries,Consumer,87.70285893748442
2026-01-12,North,Groceries,Corporate,91.49228414290312
2026-01-12,South,Electronics,Consumer,91.07312654456302
2026-01-12,South,Electronics,Corporate,99.29815043415614
2026-01-12,South,Clothing,Consumer,81.32809982747995
2026-01-12,South,Clothing,Corporate,95.9866899320313
2026-01-12,South,Groceries,Consumer,116.62356936091653
2026-01-12,South,Groceries,Corporate,92.4913875971886
2026-01-12,East,Electronics,Consumer,110.55002560392509
2026-01-12,East,Electronics,Corporate,100.4197149226569
2026-01-12,East,Clothing,Consumer,85.24781764372776
2026-01-12,East,Clothing,Corporate,93.38542222193311
2026-01-12,East,Groceries,Consumer,95.60784945109464
2026-01-12,East,Groceries,Corporate,100.14794487306709
2026-01-12,West,Electronics,Consumer,118.1970272568239
2026-01-12,West,Electronics,Corporate,107.72899776140821
2026-01-12,West,Clothing,Consumer,100.69391640361069
2026-01-12,West,Clothing,Corporate,99.14712913323726
2026-01-12,West,Groceries,Consumer,113.98109208463747
2026-01-12,West,Groceries,Corporate,108.07419573434981
2026-01-13,North,Electronics,Consumer,108.97848720456302
2026-01-13,North,Electronics,Corporate,100.82375974768188
2026-01-13,North,Clothing,Consumer,102.04451554471164
2026-01-13,North,Clothing,Corporate,98.40898585025458
2026-01-13,North,Groceries,Consumer,94.32106264142399
2026-01-13,North,Groceries,Corporate,98.21510611181395
2026-01-13,South,Electronics,Consumer,107.78977242954001
2026-01-13,South,Electronics,Corporate,86.62402350390263
2026-01-13,South,Clothing,Consumer,102.03093795948769
2026-01-13,South,Clothing,Corporate,107.27385943999384
2026-01-13,South,Groceries,Consumer,97.83113810466241
2026-01-13,South,Groceries,Corporate,93.20419975851262
2026-01-13,East,Electronics,Consumer,104.01818725107978
2026-01-13,East,Electronics,Corporate,112.05438373365627
2026-01-13,East,Clothing,Consumer,104.54799891861744
2026-01-13,East,Clothing,Corporate,100.11561088611698
2026-01-13,East,Groceries,Consumer,90.70644367661036
2026-01-13,East,Groceries,Corporate,115.35225237499537
2026-01-13,West,Electronics,Consumer,99.24135870563637
2026-01-13,West,Electronics,Corporate,101.6247466682687
2026-01-13,West,Clothing,Consumer,111.52314592240806
2026-01-13,West,Clothing,Corporate,98.94436390479251
2026-01-13,West,Groceries,Consumer,115.54003014566429
2026-01-13,West,Groceries,Corporate,102.3118144719275
2026-01-14,North,Electronics,Consumer,95.03211551417527
2026-01-14,North,Electronics,Corporate,92.2363162299097
2026-01-14,North,Clothing,Consumer,86.27359380371622
2026-01-14,North,Clothing,Corporate,109.21432738254387
2026-01-14,North,Groceries,Consumer,102.13716265476802
2026-01-14,North,Groceries,Corporate,108.51251646934773
2026-01-14,South,Electronics,Consumer,91.68047922694723
2026-01-14,South,Electronics,Corporate,107.7944308699941
2026-01-14,South,Clothing,Consumer,108.75630401037147
2026-01-14,South,Clothing,Corporate,105.13632198529211
2026-01-14,South,Groceries,Consumer,101.44625925841895
2026-01-14,South,Groceries,Corporate,87.58893263255442
2026-01-14,East,Electronics,Consumer,71.7843099812371
2026-01-14,East,Electronics,Corporate,104.90620464979571
2026-01-14,East,Clothing,Consumer,105.463395873462
2026-01-14,East,Clothing,Corporate,119.42494202861026
2026-01-14,East,Groceries,Consumer,99.50269149761048
2026-01-14,East,Groceries,Corporate,95.1082548793379
2026-01-14,West,Electronics,Consumer,92.15043583802189
2026-01-14,West,Electronics,Corporate,87.84582511101468
2026-01-14,West,Clothing,Consumer,121.85335095572387
2026-01-14,West,Clothing,Corporate,71.75156606762528
2026-01-14,West,Groceries,Consumer,104.28800071171734
2026-01-14,West,Groceries,Corporate,97.67245165057109
2026-01-15,North,Electronics,Consumer,93.61235415903116
2026-01-15,North,Electronics,Corporate,94.70741966815238
2026-01-15,North,Clothing,Consumer,117.61456726005953
2026-01-15,North,Clothing,Corporate,93.58446392064604
2026-01-15,North,Groceries,Consumer,94.11314493753332
2026-01-15,North,Groceries,Corporate,121.98098662519541
2026-01-15,South,Electronics,Consumer,104.45128178782286
2026-01-15,South,Electronics,Corporate,98.24518411488371
2026-01-15,South,Clothing,Consumer,93.48644100104447
2026-01-15,South,Clothing,Corporate,100.89835748542316
2026-01-15,South,Groceries,Consumer,96.50141882012251
2026-01-15,South,Groceries,Corporate,89.99661923791264
2026-01-15,East,Electronics,Consumer,91.9578548610453
2026-01-15,East,Electronics,Corporate,75.14993609103848
2026-01-15,East,Clothing,Consumer,104.05957102142162
2026-01-15,East,Clothing,Corporate,118.7456809479854
2026-01-15,East,Groceries,Consumer,96.38997237054728
2026-01-15,East,Groceries,Corporate,97.0313826106719
2026-01-15,West,Electronics,Consumer,113.40255394913913
2026-01-15,West,Electronics,Corporate,95.41263770072955
2026-01-15,West,Clothing,Consumer,101.94113144015576
2026-01-15,West,Clothing,Corporate,97.16717007137599
2026-01-15,West,Groceries,Consumer,95.19765259634723
2026-01-15,West,Groceries,Corporate,111.41802890333707
2026-01-16,North,Electronics,Consumer,499.80370586739184
2026-01-16,North,Electronics,Corporate,521.7371575825999
2026-01-16,North,Clothing,Consumer,110.00134191202798
2026-01-16,North,Clothing,Corporate,102.47751829283614
2026-01-16,North,Groceries,Consumer,95.38268300775565
2026-01-16,North,Groceries,Corporate,94.91903100644056
2026-01-16,South,Electronics,Consumer,99.29013835878429
2026-01-16,South,Electronics,Corporate,107.07828065913387
2026-01-16,South,Clothing,Consumer,91.60036352083219
2026-01-16,South,Clothing,Corporate,90.57152109062969
2026-01-16,South,Groceries,Consumer,97.662632495351
2026-01-16,South,Groceries,Corporate,78.35793204044036
2026-01-16,East,Electronics,Consumer,110.36602068064283
2026-01-16,East,Electronics,Corporate,82.24251320469965
2026-01-16,East,Clothing,Consumer,113.49748010905834
2026-01-16,East,Clothing,Corporate,95.17386452676122
2026-01-16,East,Groceries,Consumer,90.94477624481513
2026-01-16,East,Groceries,Corporate,99.90800024730939
2026-01-16,West,Electronics,Consumer,77.84385471156949
2026-01-16,West,Electronics,Corporate,93.75112694239755
2026-01-16,West,Clothing,Consumer,71.08009084993259
2026-01-16,West,Clothing,Corporate,94.87483592196463
2026-01-16,West,Groceries,Consumer,97.65067996442073
2026-01-16,West,Groceries,Corporate,98.83952076319126
2026-01-17,North,Electronics,Consumer,507.07070134120505
2026-01-17,North,Electronics,Corporate,490.448765233077
2026-01-17,North,Clothing,Consumer,89.92841311758588
2026-01-17,North,Clothing,Corporate,79.67959024700403
2026-01-17,North,Groceries,Consumer,89.16108344670043
2026-01-17,North,Groceries,Corporate,97.74677444173241
2026-01-17,South,Electronics,Consumer,116.9548450801305
2026-01-17,South,Electronics,Corporate,94.39548616840271
2026-01-17,South,Clothing,Consumer,102.77082124757452
2026-01-17,South,Clothing,Corporate,99.03193518873479
2026-01-17,South,Groceries,Consumer,90.11075081802925
2026-01-17,South,Groceries,Corporate,97.45525664346168
2026-01-17,East,Electronics,Consumer,111.35513207491584
2026-01-17,East,Electronics,Corporate,86.00922483539284
2026-01-17,East,Clothing,Consumer,103.39432224301419
2026-01-17,East,Clothing,Corporate,109.21959600474787
2026-01-17,East,Groceries,Consumer,92.15954198577987
2026-01-17,East,Groceries,Corporate,94.48859532188138
2026-01-17,West,Electronics,Consumer,122.61177374623365
2026-01-17,West,Electronics,Corporate,98.55723503713773
2026-01-17,West,Clothing,Consumer,106.72943649401508
2026-01-17,West,Clothing,Corporate,116.50167202073007
2026-01-17,West,Groceries,Consumer,94.1381500309647
2026-01-17,West,Groceries,Corporate,98.3152410229862
2026-01-18,North,Electronics,Consumer,514.8406199562792
2026-01-18,North,Electronics,Corporate,484.5160587615159
2026-01-18,North,Clothing,Consumer,109.5783418948158
2026-01-18,North,Clothing,Corporate,115.31717416774174
2026-01-18,North,Groceries,Consumer,86.70110980222698
2026-01-18,North,Groceries,Corporate,95.2825325816709
2026-01-18,South,Electronics,Consumer,93.2629386890297
2026-01-18,South,Electronics,Corporate,96.50347047203884
2026-01-18,South,Clothing,Consumer,90.08893383719659
2026-01-18,South,Clothing,Corporate,93.23587244375109
2026-01-18,South,Groceries,Consumer,80.47772840773949
2026-01-18,South,Groceries,Corporate,92.30320672271657
2026-01-18,East,Electronics,Consumer,96.74221677614294
2026-01-18,East,Electronics,Corporate,88.98435082712612
2026-01-18,East,Clothing,Consumer,99.03418807022193
2026-01-18,East,Clothing,Corporate,109.35582873819314
2026-01-18,East,Groceries,Consumer,104.49582193332124
2026-01-18,East,Groceries,Corporate,78.63302584097244
2026-01-18,West,Electronics,Consumer,97.52797166891122
2026-01-18,West,Electronics,Corporate,109.55178509679845
2026-01-18,West,Clothing,Consumer,94.04719387921277
2026-01-18,West,Clothing,Corporate,99.48854911820689
2026-01-18,West,Groceries,Consumer,108.22625594519099
2026-01-18,West,Groceries,Corporate,83.70025425843845
2026-01-19,North,Electronics,Consumer,498.41421629563774
2026-01-19,North,Electronics,Corporate,510.42795348638225
2026-01-19,North,Clothing,Consumer,91.39991086461518
2026-01-19,North,Clothing,Corporate,115.67979861481827
2026-01-19,North,Groceries,Consumer,96.09985431733229
2026-01-19,North,Groceries,Corporate,91.39115914636118
2026-01-19,South,Electronics,Consumer,95.88782503235862
2026-01-19,South,Electronics,Corporate,103.87879075260798
2026-01-19,South,Clothing,Consumer,98.58358333870832
2026-01-19,South,Clothing,Corporate,115.45864575943065
2026-01-19,South,Groceries,Consumer,102.23589894751807
2026-01-19,South,Groceries,Corporate,109.5671387668613
2026-01-19,East,Electronics,Consumer,98.49294042674823
2026-01-19,East,Electronics,Corporate,94.2708140729173
2026-01-19,East,Clothing,Consumer,95.23805567909285
2026-01-19,East,Clothing,Corporate,78.56226915522483
2026-01-19,East,Groceries,Consumer,78.62852558598604
2026-01-19,East,Groceries,Corporate,110.17488655421295
2026-01-19,West,Electronics,Consumer,89.95688473182919
2026-01-19,West,Electronics,Corporate,117.63382685088962
2026-01-19,West,Clothing,Consumer,110.9932011476698
2026-01-19,West,Clothing,Corporate,99.1582226705227
2026-01-19,West,Groceries,Consumer,112.13810296152758
2026-01-19,West,Groceries,Corporate,93.31321790575576
2026-01-20,North,Electronics,Consumer,497.0079094137067
2026-01-20,North,Electronics,Corporate,499.63587732769327
2026-01-20,North,Clothing,Consumer,112.41238552222396
2026-01-20,North,Clothing,Corporate,118.0062830366185
2026-01-20,North,Groceries,Consumer,99.05591970045266
2026-01-20,North,Groceries,Corporate,87.0451693426371
2026-01-20,South,Electronics,Consumer,85.34283820720646
2026-01-20,South,Electronics,Corporate,80.63040101137958
2026-01-20,South,Clothing,Consumer,117.54889647043933
2026-01-20,South,Clothing,Corporate,91.53089257568313
2026-01-20,South,Groceries,Consumer,122.13795916453083
2026-01-20,South,Groceries,Corporate,79.0084117708371
2026-01-20,East,Electronics,Consumer,100.8327040510042
2026-01-20,East,Electronics,Corporate,116.23952613399985
2026-01-20,East,Clothing,Consumer,97.96894977467488
2026-01-20,East,Clothing,Corporate,103.21315393502444
2026-01-20,East,Groceries,Consumer,109.93140879139285
2026-01-20,East,Groceries,Corporate,93.04273121206532
2026-01-20,West,Electronics,Consumer,104.43819063703762
2026-01-20,West,Electronics,Corporate,95.59299331720096
2026-01-20,West,Clothing,Consumer,99.6364677133156
2026-01-20,West,Clothing,Corporate,94.5795009423972
2026-01-20,West,Groceries,Consumer,93.97082570230074
2026-01-20,West,Groceries,Corporate,96.11563269880406
2026-01-21,North,Electronics,Consumer,499.0508103095621
2026-01-21,North,Electronics,Corporate,525.1318823065882
2026-01-21,North,Clothing,Consumer,92.04879462332147
2026-01-21,North,Clothing,Corporate,111.08404678375854
2026-01-21,North,Groceries,Consumer,101.34262501914475
2026-01-21,North,Groceries,Corporate,113.87212646252016
2026-01-21,South,Electronics,Consumer,114.99501820699436
2026-01-21,South,Electronics,Corporate,91.99880641435817
2026-01-21,South,Clothing,Consumer,114.7515395957013
2026-01-21,South,Clothing,Corporate,118.27065038519575
2026-01-21,South,Groceries,Consumer,81.68626217188837
2026-01-21,South,Groceries,Corporate,91.96754646633228
2026-01-21,East,Electronics,Consumer,86.61134757146235
2026-01-21,East,Electronics,Corporate,98.29823169604208
2026-01-21,East,Clothing,Consumer,102.01259231609892
2026-01-21,East,Clothing,Corporate,99.19655488793917
2026-01-21,East,Groceries,Consumer,102.05786452279905
2026-01-21,East,Groceries,Corporate,104.65776118629076
2026-01-21,West,Electronics,Consumer,104.24752008304148
2026-01-21,West,Electronics,Corporate,108.26299180479103
2026-01-21,West,Clothing,Consumer,90.8700010403599
2026-01-21,West,Clothing,Corporate,107.87025546786485
2026-01-21,West,Groceries,Consumer,87.63098287752764
2026-01-21,West,Groceries,Corporate,105.44254351289497
2026-01-22,North,Electronics,Consumer,499.15117701452164
2026-01-22,North,Electronics,Corporate,505.3534055768733
2026-01-22,North,Clothing,Consumer,111.66342811794115
2026-01-22,North,Clothing,Corporate,99.05520857529518
2026-01-22,North,Groceries,Consumer,96.46857869198328
2026-01-22,North,Groceries,Corporate,83.16266508979548
2026-01-22,South,Electronics,Consumer,96.75909836801608
2026-01-22,South,Electronics,Corporate,111.3244853998608
2026-01-22,South,Clothing,Consumer,110.80815125999777
2026-01-22,South,Clothing,Corporate,104.22927930304664
2026-01-22,South,Groceries,Consumer,75.76691054690863
2026-01-22,South,Groceries,Corporate,108.97122801071632
2026-01-22,East,Electronics,Consumer,115.21062974777185
2026-01-22,East,Electronics,Corporate,108.31538702503656
2026-01-22,East,Clothing,Consumer,109.6876406093795
2026-01-22,East,Clothing,Corporate,115.98833052520985
2026-01-22,East,Groceries,Consumer,96.40006445706092
2026-01-22,East,Groceries,Corporate,97.49378471404685
2026-01-22,West,Electronics,Consumer,93.43693114883465
2026-01-22,West,Electronics,Corporate,109.71502456787341
2026-01-22,West,Clothing,Consumer,86.4760314303182
2026-01-22,West,Clothing,Corporate,104.96649715310375
2026-01-22,West,Groceries,Consumer,99.29647343527884
2026-01-22,West,Groceries,Corporate,110.02001606236712
2026-01-23,North,Electronics,Consumer,494.28258272307204
2026-01-23,North,Electronics,Corporate,485.01200661536956
2026-01-23,North,Clothing,Consumer,89.05890258022913
2026-01-23,North,Clothing,Corporate,111.75697906625166
2026-01-23,North,Groceries,Consumer,95.92011806355616
2026-01-23,North,Groceries,Corporate,116.302714151356
2026-01-23,South,Electronics,Consumer,111.28595852099228
2026-01-23,South,Electronics,Corporate,89.53605610282807
2026-01-23,South,Clothing,Consumer,99.06938834640593
2026-01-23,South,Clothing,Corporate,118.94399848897342
2026-01-23,South,Groceries,Consumer,109.09867511251302
2026-01-23,South,Groceries,Corporate,101.14648742203221
2026-01-23,East,Electronics,Consumer,117.1009845590379
2026-01-23,East,Electronics,Corporate,91.53141398944932
2026-01-23,East,Clothing,Consumer,109.82475273233676
2026-01-23,East,Clothing,Corporate,103.65522162013214
2026-01-23,East,Groceries,Consumer,104.78555761925874
2026-01-23,East,Groceries,Corporate,101.9430715473911
2026-01-23,West,Electronics,Consumer,98.69758242297237
2026-01-23,West,Electronics,Corporate,93.26072147598958
2026-01-23,West,Clothing,Consumer,106.10977731623652
2026-01-23,West,Clothing,Corporate,79.9459589515308
2026-01-23,West,Groceries,Consumer,96.16221645722594
2026-01-23,West,Groceries,Corporate,94.38360331838194
2026-01-24,North,Electronics,Consumer,515.3441816252423
2026-01-24,North,Electronics,Corporate,509.1872688408979
2026-01-24,North,Clothing,Consumer,89.77043879648792
2026-01-24,North,Clothing,Corporate,97.71471844204888
2026-01-24,North,Groceries,Consumer,107.69213431035342
2026-01-24,North,Groceries,Corporate,97.45353637754266
2026-01-24,South,Electronics,Consumer,128.22433365766716
2026-01-24,South,Electronics,Corporate,105.79124231242511
2026-01-24,South,Clothing,Consumer,113.87377630437138
2026-01-24,South,Clothing,Corporate,88.48077952174766
2026-01-24,South,Groceries,Consumer,101.08863639891182
2026-01-24,South,Groceries,Corporate,91.12593347692993
2026-01-24,East,Electronics,Consumer,87.8974479352992
2026-01-24,East,Electronics,Corporate,93.50576572488835
2026-01-24,East,Clothing,Consumer,108.08813154298723
2026-01-24,East,Clothing,Corporate,94.63761821240294
2026-01-24,East,Groceries,Consumer,95.90957882802572
2026-01-24,East,Groceries,Corporate,106.50090792076382
2026-01-24,West,Electronics,Consumer,107.36423589213874
2026-01-24,West,Electronics,Corporate,97.26576736842411
2026-01-24,West,Clothing,Consumer,98.50728802270044
2026-01-24,West,Clothing,Corporate,102.1520797297578
2026-01-24,West,Groceries,Consumer,107.46168995758812
2026-01-24,West,Groceries,Corporate,79.57812632590357
2026-01-25,North,Electronics,Consumer,493.72009671371364
2026-01-25,North,Electronics,Corporate,502.68706405367124
2026-01-25,North,Clothing,Consumer,112.1777556633642
2026-01-25,North,Clothing,Corporate,117.26191460518173
2026-01-25,North,Groceries,Consumer,96.89396672661967
2026-01-25,North,Groceries,Corporate,106.51215153191843
2026-01-25,South,Electronics,Consumer,99.10153983703198
2026-01-25,South,Electronics,Corporate,104.49649211189902
2026-01-25,South,Clothing,Consumer,106.5240076981532
2026-01-25,South,Clothing,Corporate,114.50150335010356
2026-01-25,South,Groceries,Consumer,91.02806873028186
2026-01-25,South,Groceries,Corporate,106.65943598838678
2026-01-25,East,Electronics,Consumer,88.1217572404867
2026-01-25,East,Electronics,Corporate,106.89732803472502
2026-01-25,East,Clothing,Consumer,98.279604639006
2026-01-25,East,Clothing,Corporate,109.86808696133699
2026-01-25,East,Groceries,Consumer,110.58649473685226
2026-01-25,East,Groceries,Corporate,103.54552966318013
2026-01-25,West,Electronics,Consumer,105.46469186466751
2026-01-25,West,Electronics,Corporate,87.99630234654445
2026-01-25,West,Clothing,Consumer,116.93412250134176
2026-01-25,West,Clothing,Corporate,88.30525087030973
2026-01-25,West,Groceries,Consumer,112.50176006768694
2026-01-25,West,Groceries,Corporate,105.9657250704283
2026-01-26,North,Electronics,Consumer,505.5402211612957
2026-01-26,North,Electronics,Corporate,502.9386783412313
2026-01-26,North,Clothing,Consumer,104.05541102536989
2026-01-26,North,Clothing,Corporate,93.18507994088867
2026-01-26,North,Groceries,Consumer,104.4704221696397
2026-01-26,North,Groceries,Corporate,103.03339971080621
2026-01-26,South,Electronics,Consumer,108.06529447606067
2026-01-26,South,Electronics,Corporate,106.567080787535
2026-01-26,South,Clothing,Consumer,111.34157202704972
2026-01-26,South,Clothing,Corporate,92.9926202489672
2026-01-26,South,Groceries,Consumer,86.08788275418259
2026-01-26,South,Groceries,Corporate,100.82942936972267
2026-01-26,East,Electronics,Consumer,116.63885583900813
2026-01-26,East,Electronics,Corporate,107.99063595012386
2026-01-26,East,Clothing,Consumer,94.31485331516046
2026-01-26,East,Clothing,Corporate,116.43614347055558
2026-01-26,East,Groceries,Consumer,90.38426807417444
2026-01-26,East,Groceries,Corporate,107.73597090608104
2026-01-26,West,Electronics,Consumer,84.73791622110667
2026-01-26,West,Electronics,Corporate,105.69515465080565
2026-01-26,West,Clothing,Consumer,89.63649866567101
2026-01-26,West,Clothing,Corporate,94.59519255606766
2026-01-26,West,Groceries,Consumer,86.42976263410475
2026-01-26,West,Groceries,Corporate,108.38723956585179
2026-01-27,North,Electronics,Consumer,486.2216800057628
2026-01-27,North,Electronics,Corporate,496.55001256385805
2026-01-27,North,Clothing,Consumer,95.1935172054048
2026-01-27,North,Clothing,Corporate,85.36083773907646
2026-01-27,North,Groceries,Consumer,110.06735887504881
2026-01-27,North,Groceries,Corporate,112.69554372518355
2026-01-27,South,Electronics,Consumer,80.14314919023704
2026-01-27,South,Electronics,Corporate,102.82434245410045
2026-01-27,South,Clothing,Consumer,103.34862740445934
2026-01-27,South,Clothing,Corporate,123.13807919741276
2026-01-27,South,Groceries,Consumer,109.3058886329469
2026-01-27,South,Groceries,Corporate,109.46770858066664
2026-01-27,East,Electronics,Consumer,100.62384398419397
2026-01-27,East,Electronics,Corporate,105.79241730410335
2026-01-27,East,Clothing,Consumer,129.4655279307027
2026-01-27,East,Clothing,Corporate,84.20736344494922
2026-01-27,East,Groceries,Consumer,107.28071186535016
2026-01-27,East,Groceries,Corporate,101.99639542499392
2026-01-27,West,Electronics,Consumer,104.39641792140652
2026-01-27,West,Electronics,Corporate,90.89729999029056
2026-01-27,West,Clothing,Consumer,117.63501469014929
2026-01-27,West,Clothing,Corporate,88.53468756088778
2026-01-27,West,Groceries,Consumer,100.74111128912921
2026-01-27,West,Groceries,Corporate,106.09804165195821
2026-01-28,North,Electronics,Consumer,511.1274637198834
2026-01-28,North,Electronics,Corporate,515.3325475755465
2026-01-28,North,Clothing,Consumer,106.45096795158159
2026-01-28,North,Clothing,Corporate,94.52670095846047
2026-01-28,North,Groceries,Consumer,84.79094390992746
2026-01-28,North,Groceries,Corporate,96.338686546418
2026-01-28,South,Electronics,Consumer,107.74668344771767
2026-01-28,South,Electronics,Corporate,106.21482253168661
2026-01-28,South,Clothing,Consumer,104.15333852367051
2026-01-28,South,Clothing,Corporate,90.7064388968193
2026-01-28,South,Groceries,Consumer,106.2034353915121
2026-01-28,South,Groceries,Corporate,121.05522655503847
2026-01-28,East,Electronics,Consumer,91.98040650940844
2026-01-28,East,Electronics,Corporate,83.01672286173353
2026-01-28,East,Clothing,Consumer,96.11478546651783
2026-01-28,East,Clothing,Corporate,100.64225866683866
2026-01-28,East,Groceries,Consumer,108.85058323941855
2026-01-28,East,Groceries,Corporate,98.40987302100356
2026-01-28,West,Electronics,Consumer,87.8438825496687
2026-01-28,West,Electronics,Corporate,108.8098697024383
2026-01-28,West,Clothing,Consumer,101.43166053874208
2026-01-28,West,Clothing,Corporate,97.58139053893544
2026-01-28,West,Groceries,Consumer,92.52796862010186
2026-01-28,West,Groceries,Corporate,96.86827528971507
2026-01-29,North,Electronics,Consumer,498.59868867609873
2026-01-29,North,Electronics,Corporate,502.36493806416047
2026-01-29,North,Clothing,Consumer,109.11798236358938
2026-01-29,North,Clothing,Corporate,107.55428425391979
2026-01-29,North,Groceries,Consumer,93.12562145247378
2026-01-29,North,Groceries,Corporate,85.68971356650212
2026-01-29,South,Electronics,Consumer,98.92644645363237
2026-01-29,South,Electronics,Corporate,108.40084141329181
2026-01-29,South,Clothing,Consumer,112.25869753723435
2026-01-29,South,Clothing,Corporate,84.56620171268163
2026-01-29,South,Groceries,Consumer,88.31715344229664
2026-01-29,South,Groceries,Corporate,98.40447407943407
2026-01-29,East,Electronics,Consumer,114.8612877958115
2026-01-29,East,Electronics,Corporate,120.14622003191437
2026-01-29,East,Clothing,Consumer,94.26644361313242
2026-01-29,East,Clothing,Corporate,109.87321503318122
2026-01-29,East,Groceries,Consumer,92.95919385181297
2026-01-29,East,Groceries,Corporate,107.67918986323826
2026-01-29,West,Electronics,Consumer,93.96766867865628
2026-01-29,West,Electronics,Corporate,113.57831640144109
2026-01-29,West,Clothing,Consumer,100.30244412004475
2026-01-29,West,Clothing,Corporate,88.93905103083905
2026-01-29,West,Groceries,Consumer,107.55275326907173
2026-01-29,West,Groceries,Corporate,94.34912614409956
2026-01-30,North,Electronics,Consumer,492.4427830096716
2026-01-30,North,Electronics,Corporate,506.613379714336
2026-01-30,North,Clothing,Consumer,112.00925087939697
2026-01-30,North,Clothing,Corporate,106.64034492599698
2026-01-30,North,Groceries,Consumer,79.12565764589087
2026-01-30,North,Groceries,Corporate,86.02510245433623
2026-01-30,South,Electronics,Consumer,94.23969092119356
2026-01-30,South,Electronics,Corporate,113.24258572626857
2026-01-30,South,Clothing,Consumer,110.58127190807036
2026-01-30,South,Clothing,Corporate,120.01517949463683
2026-01-30,South,Groceries,Consumer,91.17376633024534
2026-01-30,South,Groceries,Corporate,100.13895286896658
2026-01-30,East,Electronics,Consumer,107.80204723503036
2026-01-30,East,Electronics,Corporate,89.10674413738506
2026-01-30,East,Clothing,Consumer,98.43866643623944
2026-01-30,East,Clothing,Corporate,119.81988448479635
2026-01-30,East,Groceries,Consumer,107.1131941294647
2026-01-30,East,Groceries,Corporate,92.25532153020754
2026-01-30,West,Electronics,Consumer,89.93215885003642
2026-01-30,West,Electronics,Corporate,108.7324669173166
2026-01-30,West,Clothing,Consumer,104.2703925074507
2026-01-30,West,Clothing,Corporate,110.04510227081309
2026-01-30,West,Groceries,Consumer,100.34475184765621
2026-01-30,West,Groceries,Corporate,92.06470204616696
